<?xml version = '1.0' encoding = 'UTF-8'?>
<Entity class="oracle.dbtools.crest.model.design.logical.Entity" directorySegmentName="seg_0" id="293A80B1-61E8-B781-7515-99E848E89FBA" name="T_REG_SONO">
<createdBy>rribeiro</createdBy>
<createdTime>2022-06-11 00:54:34 UTC</createdTime>
<ownerDesignName>MER</ownerDesignName>
<engineerTo>
<item key="9950B7DF-96E7-2FA0-D597-CA6C64ECDF04" value="true"/>
</engineerTo>
<adequatelyNormalized>NO</adequatelyNormalized>
<expectedVolumes>0</expectedVolumes>
<fwdEngineeringStrategyName>Single Table</fwdEngineeringStrategyName>
<growthPercent>0</growthPercent>
<growthType>Year</growthType>
<maxVolumes>9999999</maxVolumes>
<minVolumes>0</minVolumes>
<normalForm>Third</normalForm>
<attributes itemClass="oracle.dbtools.crest.model.design.logical.Attribute">
<Attribute name="id_reg_sono" id="9AC9B2B7-A77C-B7FF-D7BB-448148DFEC7B">
<createdBy>rribeiro</createdBy>
<createdTime>2022-06-11 00:54:48 UTC</createdTime>
<ownerDesignName>MER</ownerDesignName>
<engineerTo>
<item key="9950B7DF-96E7-2FA0-D597-CA6C64ECDF04" value="true"/>
</engineerTo>
<useDomainConstraints>false</useDomainConstraints>
<use>1</use>
<logicalDatatype>LOGDT019</logicalDatatype>
<ownDataTypeParameters>,,</ownDataTypeParameters>
</Attribute>
<Attribute name="dt_reg_sono" id="C8D0B9B7-D02E-F6B7-CDE7-454AB8A5F1A8">
<createdBy>rribeiro</createdBy>
<createdTime>2022-06-11 00:55:42 UTC</createdTime>
<ownerDesignName>MER</ownerDesignName>
<engineerTo>
<item key="9950B7DF-96E7-2FA0-D597-CA6C64ECDF04" value="true"/>
</engineerTo>
<useDomainConstraints>false</useDomainConstraints>
<use>1</use>
<logicalDatatype>LOGDT007</logicalDatatype>
<ownDataTypeParameters>,,</ownDataTypeParameters>
</Attribute>
<Attribute name="h_noso" id="192999FE-BC8B-C5C5-7089-4800F486EC49">
<createdBy>rribeiro</createdBy>
<createdTime>2022-06-11 00:56:15 UTC</createdTime>
<ownerDesignName>MER</ownerDesignName>
<engineerTo>
<item key="9950B7DF-96E7-2FA0-D597-CA6C64ECDF04" value="true"/>
</engineerTo>
<useDomainConstraints>false</useDomainConstraints>
<use>1</use>
<logicalDatatype>LOGDT014</logicalDatatype>
<ownDataTypeParameters>,,</ownDataTypeParameters>
</Attribute>
<Attribute name="id_usuario" id="DA51797F-3D4C-2FEC-E224-01DC31FC988B">
<createdBy>rribeiro</createdBy>
<createdTime>2022-06-11 01:08:23 UTC</createdTime>
<generatorID>319A4C00-DA9D-7176-9671-4F3990263677</generatorID>
<ownerDesignName>MER</ownerDesignName>
<engineerTo>
<item key="9950B7DF-96E7-2FA0-D597-CA6C64ECDF04" value="true"/>
</engineerTo>
<referedAttribute>39F1F06C-2382-BB2B-272D-988C1EE08A86</referedAttribute>
<useDomainConstraints>false</useDomainConstraints>
<use>1</use>
<logicalDatatype>LOGDT019</logicalDatatype>
<ownDataTypeParameters>,,</ownDataTypeParameters>
</Attribute>
</attributes>
<identifiers itemClass="oracle.dbtools.crest.model.design.logical.CandidateKey">
<identifier id="52E02874-6CFF-4D39-3824-8B867E71AE7C" name="T_REG_SONO PK">
<createdBy>rribeiro</createdBy>
<createdTime>2022-06-11 00:54:57 UTC</createdTime>
<ownerDesignName>MER</ownerDesignName>
<shouldEngineer>false</shouldEngineer>
<engineerTo>
<item key="9950B7DF-96E7-2FA0-D597-CA6C64ECDF04" value="false"/>
</engineerTo>
<pk>true</pk>
<usedAttributes>
<attributeRef>9AC9B2B7-A77C-B7FF-D7BB-448148DFEC7B</attributeRef>
<attributeRef>DA51797F-3D4C-2FEC-E224-01DC31FC988B</attributeRef>
</usedAttributes>
</identifier>
</identifiers>
</Entity>
