<?xml version = '1.0' encoding = 'UTF-8'?>
<Entity class="oracle.dbtools.crest.model.design.logical.Entity" directorySegmentName="seg_0" id="979933C3-50BA-9689-8DFE-F5AA1AADBC63" name="T_REG_ATV">
<createdBy>rribeiro</createdBy>
<createdTime>2022-06-11 00:43:15 UTC</createdTime>
<ownerDesignName>MER</ownerDesignName>
<engineerTo>
<item key="9950B7DF-96E7-2FA0-D597-CA6C64ECDF04" value="true"/>
</engineerTo>
<adequatelyNormalized>NO</adequatelyNormalized>
<expectedVolumes>0</expectedVolumes>
<fwdEngineeringStrategyName>Single Table</fwdEngineeringStrategyName>
<growthPercent>0</growthPercent>
<growthType>Year</growthType>
<maxVolumes>9999999</maxVolumes>
<minVolumes>0</minVolumes>
<normalForm>Third</normalForm>
<attributes itemClass="oracle.dbtools.crest.model.design.logical.Attribute">
<Attribute name="id_reg_atv" id="AE79C794-79FD-037C-698E-60EC88D3DBB0">
<createdBy>rribeiro</createdBy>
<createdTime>2022-06-11 00:43:15 UTC</createdTime>
<ownerDesignName>MER</ownerDesignName>
<engineerTo>
<item key="9950B7DF-96E7-2FA0-D597-CA6C64ECDF04" value="true"/>
</engineerTo>
<useDomainConstraints>false</useDomainConstraints>
<use>1</use>
<logicalDatatype>LOGDT019</logicalDatatype>
<ownDataTypeParameters>,,</ownDataTypeParameters>
</Attribute>
<Attribute name="dt_atv" id="8417D28F-7EA3-BD61-A845-BD69911FAD38">
<createdBy>rribeiro</createdBy>
<createdTime>2022-06-11 00:43:15 UTC</createdTime>
<ownerDesignName>MER</ownerDesignName>
<engineerTo>
<item key="9950B7DF-96E7-2FA0-D597-CA6C64ECDF04" value="true"/>
</engineerTo>
<useDomainConstraints>false</useDomainConstraints>
<use>1</use>
<logicalDatatype>LOGDT007</logicalDatatype>
<ownDataTypeParameters>,,</ownDataTypeParameters>
</Attribute>
<Attribute name="calor_perdidas" id="CB812CCD-5113-93DB-78F0-163EBA69552E">
<createdBy>rribeiro</createdBy>
<createdTime>2022-06-11 00:43:15 UTC</createdTime>
<ownerDesignName>MER</ownerDesignName>
<engineerTo>
<item key="9950B7DF-96E7-2FA0-D597-CA6C64ECDF04" value="true"/>
</engineerTo>
<useDomainConstraints>false</useDomainConstraints>
<use>1</use>
<logicalDatatype>LOGDT021</logicalDatatype>
<dataTypePrecision>3</dataTypePrecision>
<dataTypeScale>2</dataTypeScale>
<ownDataTypeParameters>,3,2</ownDataTypeParameters>
</Attribute>
<Attribute name="bpm_max" id="FD86E700-03E3-E5BD-65B4-CAE2D8B01FAF">
<createdBy>rribeiro</createdBy>
<createdTime>2022-06-11 00:50:03 UTC</createdTime>
<ownerDesignName>MER</ownerDesignName>
<engineerTo>
<item key="9950B7DF-96E7-2FA0-D597-CA6C64ECDF04" value="true"/>
</engineerTo>
<nullsAllowed>true</nullsAllowed>
<useDomainConstraints>false</useDomainConstraints>
<use>1</use>
<logicalDatatype>LOGDT019</logicalDatatype>
<ownDataTypeParameters>,,</ownDataTypeParameters>
</Attribute>
<Attribute name="bpm_min" id="D826042A-965F-3496-A0E5-D3DEFF21F293">
<createdBy>rribeiro</createdBy>
<createdTime>2022-06-11 00:50:29 UTC</createdTime>
<ownerDesignName>MER</ownerDesignName>
<engineerTo>
<item key="9950B7DF-96E7-2FA0-D597-CA6C64ECDF04" value="true"/>
</engineerTo>
<nullsAllowed>true</nullsAllowed>
<useDomainConstraints>false</useDomainConstraints>
<use>1</use>
<logicalDatatype>LOGDT019</logicalDatatype>
<ownDataTypeParameters>,,</ownDataTypeParameters>
</Attribute>
<Attribute name="id_usuario" id="08B42715-73BE-3BB8-E29F-7B5F8AEDF4C0">
<createdBy>rribeiro</createdBy>
<createdTime>2022-06-11 01:08:32 UTC</createdTime>
<generatorID>01AC0F15-AE00-D3E3-E623-8044AC518AB2</generatorID>
<ownerDesignName>MER</ownerDesignName>
<engineerTo>
<item key="9950B7DF-96E7-2FA0-D597-CA6C64ECDF04" value="true"/>
</engineerTo>
<referedAttribute>39F1F06C-2382-BB2B-272D-988C1EE08A86</referedAttribute>
<useDomainConstraints>false</useDomainConstraints>
<use>1</use>
<logicalDatatype>LOGDT019</logicalDatatype>
<ownDataTypeParameters>,,</ownDataTypeParameters>
</Attribute>
<Attribute name="id_atv" id="49DE2449-6166-2A84-B535-735B6B3FA2B9">
<createdBy>rribeiro</createdBy>
<createdTime>2022-06-11 01:09:15 UTC</createdTime>
<generatorID>EE4FB652-43DE-0AAF-915B-67136C1CC0AC</generatorID>
<ownerDesignName>MER</ownerDesignName>
<engineerTo>
<item key="9950B7DF-96E7-2FA0-D597-CA6C64ECDF04" value="true"/>
</engineerTo>
<referedAttribute>D3D03E53-2B46-FBFD-172E-E82DDCE45311</referedAttribute>
<useDomainConstraints>false</useDomainConstraints>
<use>1</use>
<logicalDatatype>LOGDT019</logicalDatatype>
<ownDataTypeParameters>,,</ownDataTypeParameters>
</Attribute>
</attributes>
<identifiers itemClass="oracle.dbtools.crest.model.design.logical.CandidateKey">
<identifier id="2D0A3ACD-5384-0663-2D74-8EE84865082B" name="T_PESO PK">
<createdBy>rribeiro</createdBy>
<createdTime>2022-06-11 00:43:15 UTC</createdTime>
<ownerDesignName>MER</ownerDesignName>
<shouldEngineer>false</shouldEngineer>
<engineerTo>
<item key="9950B7DF-96E7-2FA0-D597-CA6C64ECDF04" value="false"/>
</engineerTo>
<pk>true</pk>
<usedAttributes>
<attributeRef>AE79C794-79FD-037C-698E-60EC88D3DBB0</attributeRef>
<attributeRef>08B42715-73BE-3BB8-E29F-7B5F8AEDF4C0</attributeRef>
<attributeRef>49DE2449-6166-2A84-B535-735B6B3FA2B9</attributeRef>
</usedAttributes>
</identifier>
</identifiers>
</Entity>
