<?xml version = '1.0' encoding = 'UTF-8'?>
<Entity class="oracle.dbtools.crest.model.design.logical.Entity" directorySegmentName="seg_0" id="A50F9E94-7FF8-EB3F-34F3-4F275D259C27" name="T_NM_ATV">
<createdBy>rribeiro</createdBy>
<createdTime>2022-06-11 00:44:38 UTC</createdTime>
<ownerDesignName>MER</ownerDesignName>
<engineerTo>
<item key="9950B7DF-96E7-2FA0-D597-CA6C64ECDF04" value="true"/>
</engineerTo>
<adequatelyNormalized>NO</adequatelyNormalized>
<expectedVolumes>0</expectedVolumes>
<fwdEngineeringStrategyName>Single Table</fwdEngineeringStrategyName>
<growthPercent>0</growthPercent>
<growthType>Year</growthType>
<maxVolumes>9999999</maxVolumes>
<minVolumes>0</minVolumes>
<normalForm>Third</normalForm>
<attributes itemClass="oracle.dbtools.crest.model.design.logical.Attribute">
<Attribute name="id_atv" id="D3D03E53-2B46-FBFD-172E-E82DDCE45311">
<createdBy>rribeiro</createdBy>
<createdTime>2022-06-11 00:44:51 UTC</createdTime>
<ownerDesignName>MER</ownerDesignName>
<engineerTo>
<item key="9950B7DF-96E7-2FA0-D597-CA6C64ECDF04" value="true"/>
</engineerTo>
<useDomainConstraints>false</useDomainConstraints>
<use>1</use>
<logicalDatatype>LOGDT019</logicalDatatype>
<ownDataTypeParameters>,,</ownDataTypeParameters>
</Attribute>
<Attribute name="nm_atv" id="2D73D87D-F186-8C9C-3B4D-6C780E127C34">
<createdBy>rribeiro</createdBy>
<createdTime>2022-06-11 00:45:11 UTC</createdTime>
<ownerDesignName>MER</ownerDesignName>
<engineerTo>
<item key="9950B7DF-96E7-2FA0-D597-CA6C64ECDF04" value="true"/>
</engineerTo>
<useDomainConstraints>false</useDomainConstraints>
<use>1</use>
<logicalDatatype>LOGDT024</logicalDatatype>
<dataTypeSize>50</dataTypeSize>
<ownDataTypeParameters>50,,</ownDataTypeParameters>
</Attribute>
</attributes>
<identifiers itemClass="oracle.dbtools.crest.model.design.logical.CandidateKey">
<identifier id="BCB68182-004D-7EB6-9A4E-698EF70B293D" name="T_NM_ATV PK">
<createdBy>rribeiro</createdBy>
<createdTime>2022-06-11 00:45:06 UTC</createdTime>
<ownerDesignName>MER</ownerDesignName>
<shouldEngineer>false</shouldEngineer>
<engineerTo>
<item key="9950B7DF-96E7-2FA0-D597-CA6C64ECDF04" value="false"/>
</engineerTo>
<pk>true</pk>
<usedAttributes>
<attributeRef>D3D03E53-2B46-FBFD-172E-E82DDCE45311</attributeRef>
</usedAttributes>
</identifier>
</identifiers>
</Entity>
