<?xml version = '1.0' encoding = 'UTF-8'?>
<Entity class="oracle.dbtools.crest.model.design.logical.Entity" directorySegmentName="seg_0" id="D36F6C74-5CF2-1577-1859-1246EC081B83" name="T_USUARIO">
<createdBy>rribeiro</createdBy>
<createdTime>2022-06-11 00:30:27 UTC</createdTime>
<ownerDesignName>MER</ownerDesignName>
<engineerTo>
<item key="9950B7DF-96E7-2FA0-D597-CA6C64ECDF04" value="true"/>
</engineerTo>
<adequatelyNormalized>NO</adequatelyNormalized>
<expectedVolumes>0</expectedVolumes>
<fwdEngineeringStrategyName>Single Table</fwdEngineeringStrategyName>
<growthPercent>0</growthPercent>
<growthType>Year</growthType>
<maxVolumes>9999999</maxVolumes>
<minVolumes>0</minVolumes>
<normalForm>Third</normalForm>
<attributes itemClass="oracle.dbtools.crest.model.design.logical.Attribute">
<Attribute name="id_usuario" id="39F1F06C-2382-BB2B-272D-988C1EE08A86">
<createdBy>rribeiro</createdBy>
<createdTime>2022-06-11 00:32:27 UTC</createdTime>
<ownerDesignName>MER</ownerDesignName>
<engineerTo>
<item key="9950B7DF-96E7-2FA0-D597-CA6C64ECDF04" value="true"/>
</engineerTo>
<useDomainConstraints>false</useDomainConstraints>
<use>1</use>
<logicalDatatype>LOGDT019</logicalDatatype>
<ownDataTypeParameters>,,</ownDataTypeParameters>
</Attribute>
<Attribute name="prim_nm_usuario" id="349986B8-B142-3F35-856C-65B3E6743E02">
<createdBy>rribeiro</createdBy>
<createdTime>2022-06-11 00:33:48 UTC</createdTime>
<ownerDesignName>MER</ownerDesignName>
<engineerTo>
<item key="9950B7DF-96E7-2FA0-D597-CA6C64ECDF04" value="true"/>
</engineerTo>
<useDomainConstraints>false</useDomainConstraints>
<use>1</use>
<logicalDatatype>LOGDT024</logicalDatatype>
<dataTypeSize>50</dataTypeSize>
<ownDataTypeParameters>50,,</ownDataTypeParameters>
</Attribute>
<Attribute name="seg_nm_usuario" id="E8D175DF-2F41-C54E-7467-643C30D4C95A">
<createdBy>rribeiro</createdBy>
<createdTime>2022-06-11 00:35:10 UTC</createdTime>
<ownerDesignName>MER</ownerDesignName>
<engineerTo>
<item key="9950B7DF-96E7-2FA0-D597-CA6C64ECDF04" value="true"/>
</engineerTo>
<useDomainConstraints>false</useDomainConstraints>
<use>1</use>
<logicalDatatype>LOGDT024</logicalDatatype>
<dataTypeSize>50</dataTypeSize>
<ownDataTypeParameters>50,,</ownDataTypeParameters>
</Attribute>
<Attribute name="email_usuario" id="DF01F61D-D91A-83AC-C573-DEC0E7CC25E1">
<createdBy>rribeiro</createdBy>
<createdTime>2022-06-11 00:35:24 UTC</createdTime>
<ownerDesignName>MER</ownerDesignName>
<engineerTo>
<item key="9950B7DF-96E7-2FA0-D597-CA6C64ECDF04" value="true"/>
</engineerTo>
<useDomainConstraints>false</useDomainConstraints>
<use>1</use>
<logicalDatatype>LOGDT024</logicalDatatype>
<dataTypeSize>50</dataTypeSize>
<ownDataTypeParameters>50,,</ownDataTypeParameters>
</Attribute>
<Attribute name="sen_usuario" id="69B2637D-24DF-8308-9CE8-3F1C5D924BB5">
<createdBy>rribeiro</createdBy>
<createdTime>2022-06-11 00:35:54 UTC</createdTime>
<ownerDesignName>MER</ownerDesignName>
<engineerTo>
<item key="9950B7DF-96E7-2FA0-D597-CA6C64ECDF04" value="true"/>
</engineerTo>
<useDomainConstraints>false</useDomainConstraints>
<use>1</use>
<logicalDatatype>LOGDT024</logicalDatatype>
<dataTypeSize>50</dataTypeSize>
<ownDataTypeParameters>50,,</ownDataTypeParameters>
</Attribute>
<Attribute name="meta_peso_usuario" id="FD6F08DB-5182-645B-7879-2F56351B67EB">
<createdBy>rribeiro</createdBy>
<createdTime>2022-06-11 01:24:52 UTC</createdTime>
<ownerDesignName>MER</ownerDesignName>
<engineerTo>
<item key="9950B7DF-96E7-2FA0-D597-CA6C64ECDF04" value="true"/>
</engineerTo>
<useDomainConstraints>false</useDomainConstraints>
<use>1</use>
<logicalDatatype>LOGDT021</logicalDatatype>
<dataTypePrecision>3</dataTypePrecision>
<dataTypeScale>2</dataTypeScale>
<ownDataTypeParameters>,3,2</ownDataTypeParameters>
</Attribute>
</attributes>
<identifiers itemClass="oracle.dbtools.crest.model.design.logical.CandidateKey">
<identifier id="1928B26A-86DD-0569-2A75-22313B8B1429" name="T_USUARIO PK">
<createdBy>rribeiro</createdBy>
<createdTime>2022-06-11 00:32:54 UTC</createdTime>
<ownerDesignName>MER</ownerDesignName>
<shouldEngineer>false</shouldEngineer>
<engineerTo>
<item key="9950B7DF-96E7-2FA0-D597-CA6C64ECDF04" value="false"/>
</engineerTo>
<pk>true</pk>
<usedAttributes>
<attributeRef>39F1F06C-2382-BB2B-272D-988C1EE08A86</attributeRef>
</usedAttributes>
</identifier>
</identifiers>
</Entity>
