<?xml version = '1.0' encoding = 'UTF-8'?>
<Relation class="oracle.dbtools.crest.model.design.logical.Relation" name="Relation_12" directorySegmentName="seg_0" id="D8ACD441-74B5-09BF-AD9C-552656D9D1A7">
<createdBy>rribeiro</createdBy>
<createdTime>2022-06-11 01:07:35 UTC</createdTime>
<ownerDesignName>MER</ownerDesignName>
<engineerTo>
<item key="9950B7DF-96E7-2FA0-D597-CA6C64ECDF04" value="true"/>
</engineerTo>
<sourcePk>1928B26A-86DD-0569-2A75-22313B8B1429</sourcePk>
<identifying>true</identifying>
<optionalSource>false</optionalSource>
<optionalTarget>false</optionalTarget>
<sourceCardinality>1</sourceCardinality>
<sourceEntity>D36F6C74-5CF2-1577-1859-1246EC081B83</sourceEntity>
<targetCardinalityString>*</targetCardinalityString>
<targetEntity>4646498A-1C7E-26B2-554A-BDE3C78BE054</targetEntity>
<transferable>true</transferable>
<deleteRule>NO ACTION</deleteRule>
</Relation>
