<?xml version = '1.0' encoding = 'UTF-8'?>
<Diagram class="oracle.dbtools.crest.swingui.logical.DPVLogical" name="Logical" id="BF7127D4-DD9C-E03E-9EF8-52E7A9F7FC08">
<createdBy>rribeiro</createdBy>
<modifiedBy>rribeiro</modifiedBy>
<createdTime>2022-06-11 00:29:46 UTC</createdTime>
<autoRoute>false</autoRoute>
<boxInbox>true</boxInbox>
<showLegend>false</showLegend>
<showLabels>false</showLabels>
<showRelAttributes>false</showRelAttributes>
<gridEnabled>false</gridEnabled>
<showGrid>false</showGrid>
<diagramColor>-1</diagramColor>
<display>false</display>
<notation>1</notation>
<objectViews>
<OView class="oracle.dbtools.crest.swingui.logical.TVEntity" oid="293A80B1-61E8-B781-7515-99E848E89FBA" otype="Entity" vid="83920068-984B-BFD1-B1E9-36234C9EC37B">
<hideElementsInCurrentOnly>false</hideElementsInCurrentOnly>
<bounds x="243" y="307" width="170" height="110"/>
</OView>
<OView class="oracle.dbtools.crest.swingui.logical.TVEntity" oid="4646498A-1C7E-26B2-554A-BDE3C78BE054" otype="Entity" vid="A0B1219F-7EBD-BCEE-1CD0-A32FBDA5309A">
<hideElementsInCurrentOnly>false</hideElementsInCurrentOnly>
<bounds x="430" y="539" width="170" height="111"/>
</OView>
<OView class="oracle.dbtools.crest.swingui.logical.TVEntity" oid="67ECABAE-D572-96BE-43D4-044379E97FD4" otype="Entity" vid="5ECA1857-49D3-E22D-0E72-DAD2F010FFBC">
<hideElementsInCurrentOnly>false</hideElementsInCurrentOnly>
<bounds x="532" y="145" width="170" height="110"/>
</OView>
<OView class="oracle.dbtools.crest.swingui.logical.TVEntity" oid="979933C3-50BA-9689-8DFE-F5AA1AADBC63" otype="Entity" vid="03C31C1F-C911-D1CE-F15D-62BD88232328">
<hideElementsInCurrentOnly>false</hideElementsInCurrentOnly>
<bounds x="831" y="319" width="170" height="112"/>
</OView>
<OView class="oracle.dbtools.crest.swingui.logical.TVEntity" oid="A50F9E94-7FF8-EB3F-34F3-4F275D259C27" otype="Entity" vid="DC4510D5-7F2B-8B7C-C67D-1EF28E218111">
<hideElementsInCurrentOnly>false</hideElementsInCurrentOnly>
<bounds x="833" y="143" width="170" height="112"/>
</OView>
<OView class="oracle.dbtools.crest.swingui.logical.TVEntity" oid="D36F6C74-5CF2-1577-1859-1246EC081B83" otype="Entity" vid="DCCA548C-04EB-D8F0-7EDE-B6E83AF995B3">
<hideElementsInCurrentOnly>false</hideElementsInCurrentOnly>
<bounds x="544" y="313" width="170" height="112"/>
</OView>
</objectViews>
<connectors>
<Connector class="oracle.dbtools.crest.swingui.logical.TVRelation" oid="01AC0F15-AE00-D3E3-E623-8044AC518AB2" otype="Relation" vid_source="DCCA548C-04EB-D8F0-7EDE-B6E83AF995B3" vid_target="03C31C1F-C911-D1CE-F15D-62BD88232328">
<hideElementsInCurrentOnly>false</hideElementsInCurrentOnly>
<backgroundColor>-16777216</backgroundColor>
<lineWidth>1</lineWidth>
<points>
<point x="714" y="357"/>
<point x="831" y="357"/>
</points>
</Connector>
<Connector class="oracle.dbtools.crest.swingui.logical.TVRelation" oid="319A4C00-DA9D-7176-9671-4F3990263677" otype="Relation" vid_source="DCCA548C-04EB-D8F0-7EDE-B6E83AF995B3" vid_target="83920068-984B-BFD1-B1E9-36234C9EC37B">
<hideElementsInCurrentOnly>false</hideElementsInCurrentOnly>
<backgroundColor>-16777216</backgroundColor>
<lineWidth>1</lineWidth>
<points>
<point x="544" y="395"/>
<point x="413" y="395"/>
</points>
</Connector>
<Connector class="oracle.dbtools.crest.swingui.logical.TVRelation" oid="D8ACD441-74B5-09BF-AD9C-552656D9D1A7" otype="Relation" vid_source="DCCA548C-04EB-D8F0-7EDE-B6E83AF995B3" vid_target="A0B1219F-7EBD-BCEE-1CD0-A32FBDA5309A">
<hideElementsInCurrentOnly>false</hideElementsInCurrentOnly>
<backgroundColor>-16777216</backgroundColor>
<lineWidth>1</lineWidth>
<points>
<point x="572" y="425"/>
<point x="572" y="539"/>
</points>
</Connector>
<Connector class="oracle.dbtools.crest.swingui.logical.TVRelation" oid="DA4602CC-CB64-E07D-1F44-82573D21FC42" otype="Relation" vid_source="DCCA548C-04EB-D8F0-7EDE-B6E83AF995B3" vid_target="5ECA1857-49D3-E22D-0E72-DAD2F010FFBC">
<hideElementsInCurrentOnly>false</hideElementsInCurrentOnly>
<backgroundColor>-16777216</backgroundColor>
<lineWidth>1</lineWidth>
<points>
<point x="608" y="313"/>
<point x="608" y="255"/>
</points>
</Connector>
<Connector class="oracle.dbtools.crest.swingui.logical.TVRelation" oid="EE4FB652-43DE-0AAF-915B-67136C1CC0AC" otype="Relation" vid_source="DC4510D5-7F2B-8B7C-C67D-1EF28E218111" vid_target="03C31C1F-C911-D1CE-F15D-62BD88232328">
<hideElementsInCurrentOnly>false</hideElementsInCurrentOnly>
<backgroundColor>-16777216</backgroundColor>
<lineWidth>1</lineWidth>
<points>
<point x="932" y="255"/>
<point x="932" y="319"/>
</points>
</Connector>
</connectors>
</Diagram>
