<?xml version = '1.0' encoding = 'UTF-8'?>
<FKIndexAssociation class="oracle.dbtools.crest.model.design.relational.FKIndexAssociation" directorySegmentName="seg_0" id="4B19DC4F-00A4-18D5-3021-680BCB0FB6F4" containerWithKeyObject="A02C62B1-E2D5-12CE-379E-0633A1EC479C" localFKIndex="5074CF29-E9C6-D349-CC3F-2BB6CD13CCE0" name="T_REG_SONO_T_USUARIO_FK">
<createdBy>rribeiro</createdBy>
<createdTime>2022-06-11 01:28:05 UTC</createdTime>
<generatorID>319A4C00-DA9D-7176-9671-4F3990263677</generatorID>
<ownerDesignName>MER</ownerDesignName>
<referredTableLongName>T_USUARIO</referredTableLongName>
<deleteRule>NO ACTION</deleteRule>
<referredTableID>D93CA32C-F11F-DE76-D1BB-875F5137EC30</referredTableID>
<keyObject>387F5233-8337-866D-F650-A0E3D0622D3C</keyObject>
<referredKeyID>387F5233-8337-866D-F650-A0E3D0622D3C</referredKeyID>
<mandatory>true</mandatory>
<refColNames>id_usuario</refColNames>
<transferable>true</transferable>
<rely>false</rely>
<columnDependencyConstraintGenerateInDDL>true</columnDependencyConstraintGenerateInDDL>
</FKIndexAssociation>
