<?xml version = '1.0' encoding = 'UTF-8'?>
<Table class="oracle.dbtools.crest.model.design.relational.Table" directorySegmentName="seg_0" id="DE916846-C526-D82D-FDD9-E64B91128048" name="T_REG_PESO">
<createdBy>rribeiro</createdBy>
<createdTime>2022-06-11 01:28:05 UTC</createdTime>
<generatorID>4646498A-1C7E-26B2-554A-BDE3C78BE054</generatorID>
<ownerDesignName>MER</ownerDesignName>
<allowColumnReorder>false</allowColumnReorder>
<existDependencyGenerateInDDl>true</existDependencyGenerateInDDl>
<parsed>true</parsed>
<columns itemClass="oracle.dbtools.crest.model.design.relational.Column">
<Column name="id_peso" id="E6964BBB-DD3D-0CBE-B9DF-EC4EB93975CE">
<createdBy>rribeiro</createdBy>
<createdTime>2022-06-11 01:28:05 UTC</createdTime>
<generatorID>0D3791AA-D4BD-13ED-E025-27DDB2C6FF32</generatorID>
<ownerDesignName>MER</ownerDesignName>
<useDomainConstraints>false</useDomainConstraints>
<use>1</use>
<logicalDatatype>LOGDT019</logicalDatatype>
<ownDataTypeParameters>,,</ownDataTypeParameters>
<autoIncrementCycle>false</autoIncrementCycle>
</Column>
<Column name="data_reg" id="D74B7B7C-B309-912A-7C01-65C5B77DF41E">
<createdBy>rribeiro</createdBy>
<createdTime>2022-06-11 01:28:05 UTC</createdTime>
<generatorID>D3F3CF18-04B1-FB78-50DE-5D9A8827B386</generatorID>
<ownerDesignName>MER</ownerDesignName>
<useDomainConstraints>false</useDomainConstraints>
<use>1</use>
<logicalDatatype>LOGDT007</logicalDatatype>
<ownDataTypeParameters>,,</ownDataTypeParameters>
<autoIncrementCycle>false</autoIncrementCycle>
</Column>
<Column name="vl_atual" id="E2EE17CC-6667-4E12-ADD2-BF053A0FA136">
<createdBy>rribeiro</createdBy>
<createdTime>2022-06-11 01:28:05 UTC</createdTime>
<generatorID>16CA7E4F-2CFD-C906-2D4E-D21417819A10</generatorID>
<ownerDesignName>MER</ownerDesignName>
<useDomainConstraints>false</useDomainConstraints>
<use>1</use>
<logicalDatatype>LOGDT021</logicalDatatype>
<dataTypePrecision>3</dataTypePrecision>
<dataTypeScale>2</dataTypeScale>
<ownDataTypeParameters>,3,2</ownDataTypeParameters>
<autoIncrementCycle>false</autoIncrementCycle>
</Column>
<Column name="T_USUARIO_id_usuario" id="37DD1B95-3FC5-2725-F228-65C8F4F0AC44">
<createdBy>rribeiro</createdBy>
<createdTime>2022-06-11 01:28:05 UTC</createdTime>
<generatorID>17396381-7E27-1702-EEFB-9334609F74F1</generatorID>
<ownerDesignName>MER</ownerDesignName>
<useDomainConstraints>false</useDomainConstraints>
<use>1</use>
<logicalDatatype>LOGDT019</logicalDatatype>
<ownDataTypeParameters>,,</ownDataTypeParameters>
<previousColumn>false</previousColumn>
<autoIncrementCycle>false</autoIncrementCycle>
<associations>
<colAssociation fkAssociation="79F4899C-E250-A0B6-A72F-A67459185614" referredColumn="D0E7729B-EFD6-2964-38E3-96287729F2FA"/>
</associations>
</Column>
</columns>
<indexes itemClass="oracle.dbtools.crest.model.design.relational.Index">
<ind_PK_UK id="F4E36329-1750-7824-7146-024D73CBD5E2" name="T_REG_PESO_PK">
<createdBy>rribeiro</createdBy>
<createdTime>2022-06-11 01:28:05 UTC</createdTime>
<generatorID>5F2A75BD-CB49-1DD8-384F-F5EE9C940EE3</generatorID>
<ownerDesignName>MER</ownerDesignName>
<pk>true</pk>
<indexState>Primary Constraint</indexState>
<isSurrogateKey>false</isSurrogateKey>
<indexColumnUsage>
<colUsage columnID="E6964BBB-DD3D-0CBE-B9DF-EC4EB93975CE"/>
<colUsage columnID="37DD1B95-3FC5-2725-F228-65C8F4F0AC44"/>
</indexColumnUsage>
</ind_PK_UK>
<ind_PK_UK id="5D051E0B-A60B-D1B5-B430-8C4684D0C6EE" name="T_REG_PESO_T_USUARIO_FK">
<createdBy>rribeiro</createdBy>
<createdTime>2022-06-11 01:28:05 UTC</createdTime>
<generatorID>D8ACD441-74B5-09BF-AD9C-552656D9D1A7</generatorID>
<ownerDesignName>MER</ownerDesignName>
<indexState>Foreign Key</indexState>
<isSurrogateKey>false</isSurrogateKey>
<indexColumnUsage>
<colUsage columnID="37DD1B95-3FC5-2725-F228-65C8F4F0AC44"/>
</indexColumnUsage>
</ind_PK_UK>
</indexes>
</Table>
